RYEAR,RDOYIST,RDOYFRST,RDOYFRND,RJUMP,ROBS,RVV,RALPHA,RC10,RBY0,RPHI,RTHETA,RY0,RRR,RFAX,RFPOL,RHRL,REM,RH,RCORREL,RCHI,RN,SDT,np,DiP
1995, 63.025000, 63.474306, 64.129861,(S),F$_r$,443.682640,  1.189474, -1.613269, 15.494775,211.683818,-78.981814, -0.054818,  0.139301,  0.504610,   69.147043,       4.652302,   15.769169,   -1.000000,    0.617443,    0.257603, 16.000000,    S, 9.69, 0.46
1995, 65.090972, 65.299306, 66.099306, NS,F$^-$,458.761252,  0.241178,  2.153750, 17.790303,154.884715, 15.279920, -0.223270,  0.064908,  3.280719,  141.511221,      61.901140,   17.451667,    1.000000,    0.498198,    0.156569, 19.000000,  NSN, 3.22, -1
1995, 93.279861, 93.531250, 94.559722, NS,F$^+$,294.082448,  0.749035,  2.057515, 16.114919,116.330881,-34.248896,  0.097549,  0.100855,  0.866751,   72.464987,       8.374548,   14.654424,    1.000000,    0.485200,    0.384892, 24.000000,  NSS, 3.41, 0.45
1995, 95.299306, 95.749306, 96.719444, NS,F$_r$,332.067518,  0.463416, -0.978229,  7.737002, 96.746514,  1.015284,  0.065042,  0.134877,  0.322934,   64.463404,       2.775660,    6.403928,   -1.000000,    0.767121,    0.284753, 23.000000,   SN, 11.41, 0.55
1995,181.389583,181.599306,183.699306, NS,F$_r$,397.968337,  0.150844,  2.248217, 14.585216,306.029282,  5.002831,  0.175940,  0.214528,  3.525644,  127.246983,      59.817006,   11.494135,    1.000000,    0.563305,    0.444184, 51.000000,   SN, 9.78, 0.44
1995,234.538889,234.929861,235.779861,(S),F$_r$,359.387063,  1.038604,  1.880578, 12.549898,263.346219,-31.242649,  0.034362,  0.127814,  0.379115,   46.272602,       2.339015,    9.345910,    1.000000,    0.638332,    0.307964, 21.000000,  SNS, 12.32, 0.47
1995,269.664583,270.150000,270.889583, NS,F$_r$,375.561040,  1.370576, -2.869520, 23.126210, 12.677821,-33.381119, -0.100930,  0.076845,  0.975542,   66.035273,       8.589357,   26.343713,   -1.000000,    0.157358,    0.446586, 17.000000,    S, 12.79, 0.64
1995,291.444444,291.799306,293.099306,(S),F$_r$,407.435662,  0.741574,  0.774398, 19.084459,293.545078, -8.107452, -0.007390,  0.178353,  1.227850,  249.378341,      40.826568,   53.134432,    1.000000,    0.625899,    0.196635, 31.000000,   SN, 13.13, 0.52
1995,349.619444,350.299306,350.799306, NS,F$^-$,396.527188,  3.787544, -3.287773, 18.263986, 68.896556, 15.494021,  0.031641,  0.126370,  0.220178,   24.332835,       0.714340,   15.827596,   -1.000000,    0.459692,    0.405275, 12.000000,  SNN, 12.34, 0.53
1996, 46.629861, 46.629861, 47.374306, NS,F$^+$,386.968044,  0.698546, -0.967584,  6.157489,102.203852,-54.708817,  0.009815,  0.082345,  0.135691,   37.687657,       0.681852,    4.110880,   -1.000000,    0.446058,    0.495669, 18.000000,  SNS, 14.21, 0.60
1996, 95.499306, 95.499306, 95.900000, NS,F$_r$,388.634634,  2.874555,  1.638243,  9.338535,278.517967, 25.190826, -0.023831,  0.044444,  0.075845,   20.494365,       0.207253,    5.664540,    1.000000,    0.648979,    0.345569, 19.000000,  SNN, 9.4, 0.43
1996,137.949306,138.066667,138.499306, NS,F$^+$,419.873790,  1.828972, -1.364653,  8.350298,250.731260,-15.859077,  0.030768,  0.063069,  0.095310,   26.079976,       0.331423,    5.245439,   -1.000000,    0.465524,    0.423545, 21.000000,   NS, 5.93, 0.46
1996,148.614583,148.614583,150.099306, NS,F$_r$,368.034115,  0.220030, -0.840996,  8.604843, 51.478422, -3.231568, -0.117617,  0.123253,  0.841286,  127.631924,      14.316656,    9.628154,   -1.000000,    0.318352,    0.223081, 35.000000,   SN, 13.55, 0.53
1996,183.545139,183.719444,184.428472, NS,F$_r$,354.040219,  1.817741, -1.508136, 13.209818, 89.225283,  2.695428, -0.022817,  0.090060,  0.239995,   47.099778,       1.507160,   12.065849,   -1.000000,    0.688787,    0.303789, 17.000000,   SN, 18.05, 0.52
1996,184.669444,184.669444,184.949306, NS,F$^-$,395.128248, 19.517047,  1.980360, 12.284842,147.301677, 23.885498,  0.007599,  0.093023,  0.019331,    9.817098,       0.025304,    8.693309,    1.000000,    0.701534,    0.429739, 14.000000,  NSN, 7.38, 0.50
1996,220.349306,220.499306,221.550000, NS,F$_r$,345.240739,  0.512988,  1.959989, 10.214357,259.555982,-39.528349, -0.066269,  0.118213,  0.508458,   46.386282,       3.144731,    6.044654,    1.000000,    0.601293,    0.352771, 25.000000,  SNS, 8.54, 0.56
1996,359.059722,359.129861,360.489583, NS,F$^+$,348.338499,  0.491969,  1.543761, 12.818742,104.982128, 23.124588,  0.039369,  0.139333,  0.835013,   84.547215,       9.413067,   11.156013,    1.000000,    0.805438,    0.205472, 33.000000,  NSN, 11.53, 0.51
1997, 10.036111, 10.199306, 11.129861,(S),F$^+$,436.831587,  0.970258,  0.848094, 14.138618,245.910373,-10.968307,  0.011636,  0.126072,  0.515071,  126.941276,       8.717830,   25.699427,    1.000000,    0.857217,    0.155976, 22.000000,   SN, 19.59, 0.50
1997, 40.534722, 41.119444, 41.769444,(S),F$^-$,456.835307,  0.819039, 28.079784,159.081848,196.021959,-66.121785, -0.363856,  0.149695, 77.246149,  157.494373,    1622.111180, 1056.465811,    1.000000,    0.276975,    0.326830, 15.000000,    S, 1.18, 0.49
1997,100.709722,101.239583,101.799306, NS,F$_r$,462.937690, 10.565916,  1.661673, 31.438304,176.593972, 14.264489, -0.042663,  0.036761,  0.233857,   65.098297,       2.029829,   63.554079,    1.000000,    0.244562,    0.326717, 13.000000,  NSN, 13.51, 0.45
1997,111.424306,111.499306,113.299306, NS,F$^+$,362.118511,  0.623764,  1.997373, 12.264822,321.589552, 12.214996,  0.011642,  0.125741,  0.602896,   54.312847,       4.365999,    8.624333,    1.000000,    0.808055,    0.393036, 43.000000,   SN, 13.15, 0.47
1997,135.052083,135.416667,136.109722,(S),F$^+$,470.080564,  1.487415, -1.712071, 30.236254, 90.477177, -7.345185, -0.078954,  0.143184,  1.536611,  158.830595,      32.541436,   57.586575,   -1.000000,    0.620958,    0.357056, 16.000000,   SN, 6.1, 0.40
1997,136.250694,136.250694,136.559722, NS,F$_r$,490.304262,  4.782770, -1.875427, 11.285486,299.961319, 22.653540, -0.018252,  0.038727,  0.066573,   18.438284,       0.163667,    7.569944,   -1.000000,    0.855046,    0.246647, 15.000000,  NSN, 3.69, 0.46
1997,146.381250,146.649306,148.000000,(S),F$_r$,330.478862,  0.384445,  0.920655,  9.244619,256.421780,-49.636360, -0.047383,  0.152279,  0.555756,   98.220012,       7.278184,    9.862757,    1.000000,    0.219033,    0.339816, 32.000000,  SNS, 10.8, 0.46
1997,159.654861,160.262500,160.959722, NS,F$_r$,373.776272,  2.687861,  1.920325, 17.428701,233.342395, -4.745960, -0.035491,  0.112898,  0.282529,   46.099830,       1.736606,   17.804909,    1.000000,    0.703975,    0.261436, 17.000000,   SN, 8.38, 0.47
1997,170.000000,170.229861,171.937500, NS,F$_r$,332.538727,  0.307546,  2.542438, 15.218311,310.996413, -7.330821,  0.142513,  0.140915,  1.882621,   83.989387,      21.082690,   11.889175,    1.000000,    0.478517,    0.328170, 41.000000,   SN, 9.43, 0.46
1997,196.131944,196.283333,197.469444, NS,F$^+$,359.245743,  0.565236, -1.166364,  9.991976,115.069949,-30.314700, -0.027732,  0.128792,  0.441583,   71.846921,       4.230187,    8.746837,   -1.000000,    0.661511,    0.359147, 28.000000,  SNS, 10.1, 0.43
1997,215.423611,215.579861,216.099306, NS,F$_r$,437.156561,  4.876748, -1.349795, 20.752375, 42.548897, -3.708936, -0.038469,  0.057670,  0.220773,   63.262844,       1.862227,   32.717590,   -1.000000,    0.678877,    0.202269, 12.000000,   SN, 7.9, 0.52
1997,229.080556,229.272917,229.839583, NS,F$_r$,396.176063,  1.653812,  9.633925, 10.513828, 78.467002,-32.373539, -0.036539,  0.085361,  0.167100,    5.488771,       0.122290,    4.680296,    1.000000,    0.237791,    0.596724, 13.000000,    S, 6.91, 0.57
1997,245.944444,246.359722,246.874306,(S),F$_r$,408.758955,  2.356278,  0.749532, 11.106539, 56.303833, 11.801526,  0.035798,  0.091987,  0.130879,   64.171882,       1.119836,   18.863056,    1.000000,    0.331044,    0.340456, 12.000000,   NS, 12.73, 0.52
1997,261.020833,261.171528,263.000000, NS,F$^+$,320.341879,  0.339908,  0.946886, 11.110131,226.614575, 36.885967,  0.063599,  0.152569,  0.907857,  133.807589,      16.197087,   13.747576,    1.000000,    0.436095,    0.409808, 44.000000,  SNN, 10.51, 0.49
1997,264.695833,264.931250,265.740972, NS,F$^+$,423.535938,  1.095441, -1.626916, 23.698701, 51.099073, 60.604022, -0.082848,  0.121280,  1.281740,  135.147279,      23.096498,   36.662877,   -1.000000,    0.447770,    0.266050, 20.000000,    N, 5.38, 0.44
1997,274.489583,274.713889,275.969444, NS,F$_r$,450.515122,  1.086806, -2.421229, 19.740956,172.128792, 22.439282,  0.094199,  0.077221,  0.896446,   69.313910,       8.284827,   20.392471,   -1.000000,    0.284093,    0.300595, 30.000000,    N, 5.78, 0.51
1997,283.130556,283.647917,284.916667, NS,F$^+$,410.241068,  0.538647,  1.097302, 13.086324,220.329909,-44.964243,  0.052281,  0.177699,  0.794824,  117.254128,      12.426184,   16.024701,    1.000000,    0.698303,    0.358031, 30.000000,  SNS, 11.01, 0.46
1997,310.934028,311.250000,312.949306, NS,F$^+$,412.708391,  0.308100,  1.054498, 13.334629,227.877301, 44.675607,  0.017261,  0.210536,  1.442812,  165.943231,      31.923311,   17.403098,    1.000000,    0.688337,    0.366810, 41.000000,  SNN, 8.77, 0.46
1997,326.383333,326.729861,327.779861,(S),F$^+$,499.567973,  0.586235,  1.345817, 16.491610,191.198944,-69.294118,  0.041096,  0.188454,  1.159830,  129.644085,      20.048671,   20.717215,    1.000000,    0.403632,    0.368015, 25.000000,    S, 7.76, 0.39
1997,364.050694,364.399306,365.369444,(S),F$_r$,366.214011,  1.636925, -1.503798, 14.690216, 51.815671, 14.067290, -0.019025,  0.111307,  0.329585,   58.373852,       2.565220,   14.956039,   -1.000000,    0.491005,    0.530315, 23.000000,   SN, 8.62, 0.48
1998,  6.561806,  7.099306,  8.329861,(S),F$^+$,383.300634,  1.116262, -1.051738, 17.107938, 30.075686, 43.753447,  0.000527,  0.152349,  0.655495,  127.024082,      11.101819,   28.732202,   -1.000000,    0.765064,    0.204072, 29.000000,  SNN, 7.88, 0.46
1998,  8.649306,  8.649306,  8.949306, NS,F$^-$,370.755427,  8.994103,  3.216249, 17.185821,274.657164, 15.764438, -0.019688,  0.031936,  0.082096,   14.733531,       0.161275,   14.090871,    1.000000,    0.753790,    0.298585, 15.000000,  SNN, 14.44, 0.56
1998,  9.349306,  9.349306,  9.859722, NS,F$_r$,476.528139,  0.692632, -1.364662,  9.489998, 87.195017,-17.664172, -0.070663,  0.069977,  0.325065,   51.345552,       2.225417,    6.774971,   -1.000000,    0.598858,    0.216321, 13.000000,   SN, 8, 0.5
1998, 21.199306, 21.199306, 22.559722, NS,F$^-$,410.319884,  5.572315, 12.863408, 64.853688,  3.330678, 16.657426,  0.079032,  0.046950,  1.887008,   34.309010,       8.632182,  176.838722,    1.000000,    0.450483,    0.344123, 32.000000,    N, 10.58, 0.45
1998, 28.669444, 29.550000, 31.000000, NS,F$^+$,376.684110,  0.261501,  1.283501,  8.117787,313.262805,-65.278172, -0.016707,  0.242223,  0.630002,   70.291686,       5.904525,    5.245903,    1.000000,    0.412724,    0.387754, 35.000000,    S, 7.91, 0.52
1998, 33.435417, 33.435417, 35.099306, NS,F$^+$,335.330567,  0.040658, -0.375528,  2.822734,247.896549, 10.047370,  0.166919,  0.149263,  0.489935,  124.931641,       8.161118,    3.863306,   -1.000000,    0.154698,    0.405582, 40.000000,   NS, 2.63, 0.57
1998, 35.200000, 35.200000, 37.336806, NS,F$^+$,320.103581,  0.325830,-16.146435, 87.106157, 39.702010, 23.712462,  0.412938,  0.139882, 58.216564,  175.946698,    1365.734947,  317.964084,   -1.000000,    0.613807,    0.503645, 51.000000,    N, 13.82, 0.39
1998, 48.269444, 48.450000, 49.599306, NS,F$_r$,397.047029,  0.698791,  0.787559, 13.023602,306.636216,-48.104810,  0.016554,  0.139474,  0.606813,  142.403380,      11.521637,   24.158612,    1.000000,    0.542935,    0.345917, 27.000000,  SNS, 15.48, 0.56
1998, 49.619444, 49.899306, 51.030556, NS,F$_r$,436.345467,  0.232257, -0.844678,  7.783490,271.135461,  1.615243,  0.071961,  0.177297,  0.652107,  106.405813,       9.251735,    7.831240,   -1.000000,    0.535245,    0.300746, 27.000000,   NS, 1.95, 0.43
1998, 63.459722, 63.450000, 65.299306,(S),F$^+$,347.759751,  0.253686, -1.268090, 10.974567,106.115782, 11.091695, -0.028099,  0.177276,  1.186911,  113.543626,      17.968825,    9.699553,   -1.000000,    0.816962,    0.291280, 44.000000,   SN, 14.53, 0.5
1998, 84.450000, 84.599306, 85.373611, NS,F$_r$,406.597290,  1.139278, -2.638376, 12.237622,102.721838,  3.736666, -0.016042,  0.105511,  0.328628,   30.323134,       1.328670,    7.584599,   -1.000000,    0.667837,    0.414108, 19.000000,   SN, 13.35, 0.53
1998, 90.299306, 90.499306, 91.679861, NS,F$_r$,389.159022,  0.111960,  4.549457, 26.421322, 42.807797,-49.328517, -0.393273,  0.135954, 15.587794,  177.959062,     369.865233,   31.194924,    1.000000,    0.432581,    0.255683, 28.000000,    S, 7.38, 0.48
1998,121.889583,122.479861,123.700000,(S),F$_r$,517.207096,  1.083629, -2.679610, 23.189326,  9.963166, 21.452633,  0.101561,  0.107769,  1.240611,   79.854682,      13.209148,   27.086760,   -1.000000,    0.673029,    0.303093, 29.000000,  SNN, 19.26, 0.38
1998,124.104167,124.409722,125.133333, NS,F$^-$,651.428907,  0.441749,  6.331758, 84.817149,104.653195,-21.894574, -0.347897,  0.187722, 40.712854,  370.248543,    2009.849996,  310.962862,    1.000000,    0.117749,    0.387611, 17.000000,    S, 3.95, 0.47
1998,153.436111,153.433333,153.800000,(S),F$_r$,398.858826,  6.240439, -2.159016, 18.298080,133.643048, 23.378470,  0.034588,  0.032344,  0.134133,   28.948423,       0.517725,   18.440130,   -1.000000,    0.592703,    0.338191, 17.000000,  SNN, 7.23, 0.43
1998,175.449306,175.559722,176.939583, NS,F$^+$,468.225086,  0.607507, -0.981410, 12.844884,149.138840, 28.210302,  0.015780,  0.131440,  0.678968,  120.046352,      10.867676,   17.580918,   -1.000000,    0.728621,    0.230368, 34.000000,  SNN, 12.96, 0.54
1998,191.941667,191.941667,193.899306, NS,F$^+$,387.083979,  0.159966,-10.473677, 36.392109,106.425205, -2.106544, -0.344838,  0.209372, 20.697950,  104.538957,     288.498944,   55.937300,   -1.000000,    0.487352,    0.491686, 47.000000,   SN, 5.35, 0.51
1998,231.777778,232.359722,233.839583,(S),F$^+$,317.368219,  0.749029,  1.236106, 15.106950,297.577044,  2.847822,  0.032928,  0.167099,  0.761719,  109.481338,      11.119207,   18.844326,    1.000000,    0.657202,    0.418152, 35.000000,   SN, 7.91, 0.44
1998,266.050000,266.179861,266.729861, NS,F$^-$,412.955635,  0.256208, -0.238130,  1.695102,219.408147, 19.079001, -0.052370,  0.055246,  0.028037,   36.522696,       0.136534,    3.286684,   -1.000000,    0.572406,    0.332427, 14.000000,   NS, 6.69, 0.4
1998,267.970833,268.189583,269.708333, NS,F$^+$,660.457755,  0.203453, -0.794440, 12.364604,196.508483, 38.963815, -0.093839,  0.220281,  1.878611,  242.023516,      60.622413,   21.509879,   -1.000000,    0.607233,    0.375609, 36.000000,  NSN, 3.99, 0.37
1998,291.812500,292.179861,293.299306, NS,F$^+$,395.748257,  0.629616, -0.651027, 14.011002,103.951210,-24.420937,  0.035071,  0.165326,  0.779475,  202.510300,      21.046909,   37.127661,   -1.000000,    0.596314,    0.295882, 27.000000,   SN, 7.64, 0.4
1998,296.539583,296.829861,297.809722,(S),F$^-$,495.098575,  0.036700,  4.276266, 21.593176,130.681529, -4.695151, -0.637428,  0.137829, 31.762067,  244.319449,    1034.678751,   21.021336,    1.000000,    0.380660,    0.341506, 23.000000,   NS, 1.83, 0.43
1998,313.030556,313.030556,314.157639, NS,F$^+$,437.648962,  0.543468,  1.052950, 13.969972,345.837358,-76.555063, -0.022032,  0.138404,  0.897753,  134.177193,      16.061065,   19.133273,    1.000000,    0.506058,    0.292804, 27.000000,    S, 8.04, 0.42
1999, 42.736806, 42.736806, 43.149306, NS,F$_r$,442.386708,  4.866890,  0.929554, 15.868214,113.478150, 35.940093, -0.005246,  0.049746,  0.129343,   61.485362,       1.060364,   28.704900,    1.000000,    0.473789,    0.447831, 20.000000,  NSN, 19.69, 0.48
1999,106.468056,106.799306,107.825000,(S),F$_r$,328.019467,  2.342571, -1.540657, 23.384228,137.149646,-41.321076, -0.029018,  0.120755,  0.583571,   95.656013,       7.442938,   37.182650,   -1.000000,    0.909959,    0.327430, 25.000000,  SNS, 7.45, 0.36
1999,177.104861,177.104861,178.199306,(S),F$_r$,290.815093,  1.657590, -1.902337, 19.355279, 92.374726, -4.954780, -0.025710,  0.091587,  0.565017,   69.351083,       5.224609,   22.079448,   -1.000000,    0.435935,    0.381896, 26.000000,   SN, 4.58, 0.49
1999,183.018750,184.339583,186.551389,(S),F$_r$,458.039294,  0.015326,  2.002020,  8.423547,263.693415,-16.597826, -0.554966,  0.463453, 11.574273,  196.759606,     303.646598,    4.062960,    1.000000,    0.487275,    0.310506, 53.000000,  SNS, 1.55, 0.48
1999,218.079861,218.599306,219.262500, NS,F$_r$,265.511756,  2.621767, -1.122829, 10.564609, 26.520830,-10.051723, -0.048366,  0.042782,  0.106427,   37.674676,       0.534615,   10.183444,   -1.000000,    0.341082,    0.206885, 16.000000,   SN, 1.66, 0.47
1999,221.425000,221.425000,222.669444, NS,F$_r$,343.565411,  0.494113, -1.224809, 10.468091,123.981722, 67.339407, -0.036795,  0.120246,  0.554433,   78.469310,       5.800797,    9.131263,   -1.000000,    0.425235,    0.305565, 30.000000,    N, 8.56, 0.55
1999,264.789583,264.789583,265.479861, NS,F$_r$,358.432672,  1.462461, -3.271668, 26.188956, 79.207458, 11.864963, -0.089944,  0.070056,  1.172444,   67.568776,      10.562748,   32.582333,   -1.000000,    0.395178,    0.403294, 17.000000,  SNN, 13.79, 0.51
2000, 42.981944, 43.513889, 44.024306,(S),F$_r$,549.124941, 16.672545,  0.904905, 11.029912,177.761190, 14.993010,  0.006371,  0.043098,  0.018242,   19.775806,       0.048101,   14.354898,    1.000000,    0.385576,    0.308833, 13.000000,  NSN, 6.68, 0.43
2000, 51.877083, 52.600000, 53.553472,(S),F$_r$,379.438954,  1.052562,  1.190064, 18.708259,232.583643, 97.239574,  0.050961,  0.182656,  0.831303,  132.201442,      14.653258,   30.028948,    1.000000,    0.480812,    0.344462, 23.000000,    N, 7.07, 0.47
2000, 61.081944, 61.139583, 62.129861, NS,F$_r$,474.179261,  0.008559, -0.107454,  0.810470,351.331481, 50.882765,  0.237726,  0.111887,  0.191857,  146.401724,       3.745092,    3.582960,   -1.000000,    0.127560,    0.303381, 24.000000,  NSN, 5.2, 0.44
2000,183.300000,183.300000,184.149306, NS,F$_r$,412.707758,  0.647511, -2.386594, 11.953096, 19.427227, 74.944640,  0.061933,  0.097875,  0.551637,   42.923838,       3.157119,    7.520963,   -1.000000,    0.718437,    0.306204, 21.000000,    N, 9.39, 0.49
2000,193.940972,193.940972,195.189583, NS,F$_r$,507.668155,  0.796988, -1.989571, 11.694464,155.935577, 25.994956,  0.013812,  0.104303,  0.428992,   44.912285,       2.568932,    7.857698,   -1.000000,    0.770517,    0.320172, 30.000000,  SNN, 3.44, 0.48
2000,195.415972,195.649306,196.649306,(S),F$_r$,450.000000,  0.057739, -2.008900, 10.536210,249.786987,-35.339542, -0.338937,  0.151585,  4.806632,  141.323507,      90.572011,    6.344712,   -1.000000,    0.234170,    0.386625, 24.000000,  NSS, 3.35, 0.31
2000,197.099306,197.282639,197.596528, NS,F$^-$,500.000000,  1.662297, -2.562229, 22.154976,225.471728,-57.368501,  0.088971,  0.066289,  0.738200,   62.967242,       6.197654,   25.124692,   -1.000000,    0.510275,    0.238359, 15.000000,    S, 1.5, -1
2000,197.599306,197.729861,198.561111, NS,F$^+$,900.000000,  1.243672, -1.313760, 41.854806, 46.543807, 22.412979, -0.035959,  0.192415,  3.521475,  368.662451,     173.098097,  136.429078,   -1.000000,    0.671247,    0.365055, 19.000000,  SNN, 1.57, -1
2000,210.276389,210.600000,211.420833,(S),F$^+$,462.573735,  1.750992, -1.065653, 14.986725,337.845669, 37.058132,  0.031740,  0.102699,  0.320678,   82.069614,       3.509057,   21.719657,   -1.000000,    0.633021,    0.339404, 20.000000,  NSN, 13.47, 0.46
2000,213.977778,213.977778,214.550000, NS,F$_r$,455.842516,  0.340303,  2.133113, 22.319247, 62.025557,  5.724814,  0.206004,  0.066470,  3.659602,  169.025736,      82.475582,   27.598644,    1.000000,   -0.019238,    0.240199, 14.000000,   NS, 4.09, 0.47
2000,223.217361,223.869444,224.779861,(S),F$^+$,422.906474,  3.160166, -1.651271, 20.477651,162.235258,-13.829063,  0.054202,  0.072446,  0.331734,   62.969039,       2.785199,   27.084036,   -1.000000,    0.487800,    0.218993, 22.000000,  SNS, 2.69, 0.42
2000,224.784028,225.253472,226.211806,(S),F$^+$,579.096605,  0.855911, -1.119233, 26.994928,105.476150, 13.129749,  0.022697,  0.229944,  2.128511,  270.189456,      76.680156,   66.721841,   -1.000000,    0.481223,    0.274712, 23.000000,   SN, 9.67, 0.41
2000,246.969444,246.969444,247.939583, NS,F$_r$,408.462798,  0.069866,  0.302193,  2.244135, 52.880298, 61.680655,  0.105133,  0.109353,  0.180207,   83.952901,       2.017189,    3.656577,    1.000000,    0.475151,    0.263421, 24.000000,  NSN, 5.45, 0.44
2000,277.043056,277.400000,279.149306,(S),F$^+$,408.071534,  0.287631,  1.111882, 10.257803, 51.566561,  2.460258,  0.021537,  0.194015,  0.914563,  109.896934,      13.401026,    9.703783,    1.000000,    0.531695,    0.598227, 42.000000,   NS, 11.4, 0.43
2000,279.144444,279.799306,280.819444,(S),F$_r$,475.257623,  0.122434,  0.963939,  4.054550,260.724802,-10.724597,  0.071834,  0.226372,  0.335678,   48.282840,       2.160995,    1.790747,    1.000000,    0.378605,    0.474529, 25.000000,   SN, 4.43, 0.4
2000,286.939583,287.766667,288.800000,(S),F$_r$,400.873612, 29.523732, -0.807486, 10.600889,184.016546,  4.280646, -0.010709,  0.021875,  0.009516,   15.691809,       0.019910,   15.454415,   -1.000000,    0.786158,    0.195740, 25.000000,   NS, 7.4, 0.52
2000,302.276389,302.970833,304.011806,(S),F$^-$,383.191947,  1.174535, -2.236683, 19.831767,122.933902,-20.427770,  0.054090,  0.259762,  0.837138,   72.674964,       8.111862,   21.300991,   -1.000000,    0.398864,    0.339975, 25.000000,  SNS, 4.45, 0.41
2000,311.395833,311.961806,312.753472,(S),F$_r$,536.900066,  1.538199, -1.368748, 24.439984,119.046836,  9.082376,  0.029686,  0.184228,  0.970799,  141.971653,      18.376790,   44.814708,   -1.000000,    0.722876,    0.217179, 19.000000,   SN, 4.65, 0.55
2000,331.488194,332.395833,333.400000,(S),F$_r$,574.786123,  0.006306, -0.021870,  0.257791,182.503780,-62.174738,  0.086460,  0.279960,  0.026348,  150.340651,       0.528164,    8.686903,   -1.000000,    0.597732,    0.248538, 25.000000,  NSS, 9.63, -1
2001, 78.481250, 78.829861, 79.761806,(S),F$_r$,419.160047,  1.540275, -1.115959, 18.393258,224.138251,-46.580365,  0.002091,  0.134470,  0.549110,  113.611069,       8.317989,   31.074891,   -1.000000,    0.555241,    0.313241, 22.000000,  NSS, 8.14, 0.57
2001, 79.761806, 79.760417, 80.999306, NS,F$_r$,340.407883,  1.738566, -1.884512, 23.437597,154.899073, -6.250740,  0.082910,  0.052845,  0.789905,   91.086762,       9.593322,   32.555748,   -1.000000,    0.186067,    0.236222, 30.000000,   SN, 4.45, 0.41
2001, 94.610417, 94.870833, 95.349306,(S),F$^-$,738.485202,  0.116221, -0.546722,  6.049748,271.515475, 15.024395,  0.165301,  0.157107,  0.787284,  159.249474,      16.716605,    9.177804,   -1.000000,    0.452980,    0.250134, 23.000000,   NS, 2.16, -1
2001,101.589583,101.950000,102.749306,(S),F$^-$,662.621642,  0.928578,  1.199089, 22.677546,321.411895, 20.360879,  0.088264,  0.150593,  1.384567,  186.429025,      34.416459,   43.782676,    1.000000,    0.310062,    0.279331, 19.000000,   SN, 3.32, 0.38
2001,103.309722,103.549306,104.069444, NS,F$^-$,763.402835,  0.570636,  2.940442, 20.224656,336.648944,  6.653612,  0.151773,  0.068565,  1.792021,   81.678843,      19.516025,   19.999964,    1.000000,    0.015335,    0.283062, 13.000000,   SN, 3.54, -1
2001,111.645139,112.019444,113.049306,(S),F$_r$,358.552044,  0.918988, -1.347787, 13.900247,271.243343,-54.778890, -0.006132,  0.144987,  0.525624,   80.008788,       5.607275,   14.698571,   -1.000000,    0.607585,    0.210378, 25.000000,  NSS, 10.64, 0.44
2001,229.459028,229.999306,230.800000,(S),F$^-$,534.014184,  0.635504,  4.563751, 63.052615,153.840469,-29.027847,  0.255091,  0.127835, 15.639691,  274.507222,     572.427755,  177.581402,    1.000000,    0.213191,    0.250570, 19.000000,    S, 9.71, 0.39
2001,268.844444,269.419444,269.700000,(S),F$^-$,430.382229,  5.855721,  5.491787, 69.513281,123.282977,-32.762353,  0.086661,  0.094083,  2.062981,   86.991718,      23.928301,  211.350907,    1.000000,    0.770484,    0.213235, 14.000000,    S, 1.41, 0.46
2001,273.801389,273.939583,274.899306,(S),F$^-$,504.959302,  0.264574,  0.670420,  8.917896, 55.073658,-59.876885,  0.086824,  0.152938,  0.751481,  154.047030,      15.435122,   14.372577,    1.000000,    0.279893,    0.391043, 23.000000,  NSS, 6.39, 0.43
2001,275.975000,275.975000,276.688889, NS,F$_r$,508.128889,  1.114522, -1.129528, 16.053804,216.727953,-71.151538,  0.012816,  0.100908,  0.578106,  107.598343,       8.293759,   23.363832,   -1.000000,    0.706623,    0.467721, 18.000000,    S, 6.49, 0.35
2001,294.693750,295.053472,296.032639,(S),F$_r$,579.396071,  1.514122, -3.979704, 17.316747,165.003948,-30.919925, -0.008829,  0.125054,  0.495122,   29.352721,       1.937755,   13.677916,   -1.000000,    0.695094,    0.459101, 24.000000,    S, 10.12, -1
2001,304.573611,304.919444,306.199306,(S),F$_r$,340.740831,  0.454191, -0.616364,  8.637444,116.639034, -6.363452,  0.037318,  0.142821,  0.410650,  121.899276,       6.674387,   15.382270,   -1.000000,    0.189432,    0.323825, 31.000000,   SN, 6.67, 0.5
2001,328.243750,328.657639,329.553472,(S),F$_r$,745.057043,  0.327526, -2.271256, 25.191266,106.089699, 78.143344,  0.150116,  0.280584,  4.843886,  194.028662,     125.313706,   34.130270,   -1.000000,    0.304767,    0.451545, 21.000000,    N, 2.15,  0.43
2001,363.219444,364.141667,364.799306,(S),F$_r$,400.604217,  2.017118, -3.098144, 30.379416,260.825558, 52.430332,  0.074181,  0.181413,  1.143846,   75.907021,      11.576795,   44.464000,   -1.000000,    0.455812,    0.614861, 16.000000,    N, 11.05, 0.51
2001,364.836806,364.965278,365.323611,(S),F$^-$,523.547901,  0.220121,  1.220864, 14.941956,216.793260, 10.067752, -0.216649,  0.045199,  2.535671,  201.137457,      68.002454,   18.664406,    1.000000,    0.159533,    0.266456, 18.000000,   SN, 5.15, -1
2002, 59.212500, 59.799306, 60.969444,(S),F$_r$,369.780227,  1.421001,  0.955205,  9.173557,341.526370, 24.418075, -0.030307,  0.094326,  0.148054,   48.673514,       0.960843,    9.270927,    1.000000,    0.461430,    0.440000, 28.000000,  SNN, 13.87, 0.57
2002, 77.551389, 78.259722, 79.650000,(S),F$_r$,384.726900,  0.350181,  0.675826, 12.156113,104.904667, 59.390149, -0.041738,  0.230526,  1.054963,  211.393170,      29.734933,   26.377971,    1.000000,    0.656694,    0.232531, 34.000000,  NSN, 3.95, 0.49
2002, 82.475000, 83.549306, 84.900000,(S),F$_r$,436.581660,  0.610176,  1.769955, 19.086370,308.748807, 40.391343,  0.020191,  0.268033,  1.492559,  120.302618,      23.941160,   22.446513,    1.000000,    0.864994,    0.215604, 33.000000,  SNN, 6.81, 0.49
2002,104.538889,104.639583,105.181944,(S),F$^-$,397.068941,  0.999599, -6.542501, 62.093243, 37.679651, 36.112083, -0.204956,  0.056579,  9.642795,  149.207251,     191.836665,  166.278436,   -1.000000,    0.322607,    0.265866, 13.000000,    N, 10.01, -1
2002,107.459028,107.900000,109.349306,(S),F$^+$,488.465671,  0.285557,  1.734500, 16.236238,302.284923,-21.257324,  0.109883,  0.242921,  2.307901,  140.794927,      43.325442,   16.460463,    1.000000,    0.747425,    0.289831, 34.000000,  SNS, 3.19, 0.46
2002,109.350000,110.289583,111.900000,(S),F$_r$,505.358316,  0.370297, -1.235129,  6.605714,153.488898, -9.250037,  0.030641,  0.174053,  0.294598,   45.058045,       1.769867,    3.605845,   -1.000000,    0.409990,    0.380247, 39.000000,   SN, 3.11, 0.45
2002,113.208333,114.299306,114.999306,(S),F$^-$,490.358662,  0.020797,  2.649032, 17.300903, 35.154462, -3.772378,  0.765161,  0.146465, 35.980720,  375.744073,    1802.605663,   15.137614,    1.000000,    0.107474,    0.340972, 17.000000,   NS, 4.04, -1
2002,130.464583,130.930556,131.441667,(S),F$_r$,356.296640,  0.746151,  0.682126,  4.763403, 33.986509, 32.018878, -0.056431,  0.071304,  0.076024,   35.194782,       0.356751,    3.993213,    1.000000,    0.404640,    0.321173, 13.000000,  NSN, 10.16, 0.46
2002,131.437500,131.525694,131.849306,(S),F$_r$,436.588878,  8.182918,  1.335298, 17.232173,352.555731,-77.901134,  0.003514,  0.050649,  0.090722,   37.355781,       0.451865,   22.781697,    1.000000,    0.534954,    0.435138, 16.000000,    S, 11.8, 0.48
2002,138.822917,139.145833,140.148611,(S),F$_r$,455.694080,  0.250774,  3.799238, 43.205965,235.052177, -5.071322,  0.332046,  0.142921, 18.609947,  297.754276,     738.825515,   85.864514,    1.000000,    0.299806,    0.278353, 25.000000,   SN, 4.35, 0.34
2002,143.447222,143.959722,145.800000,(S),F$^-$,550.332342,  0.021904, -9.551371, 91.823094, 57.489497, 13.951663, -1.704884,  0.318616,962.337331, 1241.606528,  159312.574931,  357.088041,   -1.000000,    0.178296,    0.224286, 44.000000,  SNN, 0.35, 0.48
2002,198.663889,199.559722,200.399306,(S),F$_r$,396.684932,  0.711783, -1.977521, 15.062633, 19.117166, 64.102555, -0.086305,  0.180596,  0.796882,   69.893437,       7.426244,   13.079553,   -1.000000,    0.407593,    0.408082, 21.000000,    N, 0.56, 0.5
2002,213.216667,213.509722,213.969444,(S),F$_r$,453.991093,  2.400913,  1.303688, 13.243080,263.358286, 11.877591,  0.018880,  0.099146,  0.182617,   47.588465,       1.158730,   13.756736,    1.000000,    0.578691,    0.315467, 23.000000,   SN, 12.12, 0.43
2002,213.964583,214.300000,214.899306,(S),F$_r$,491.855235,  2.364597, -1.562430, 13.897608,229.786488,-10.490459,  0.009015,  0.102303,  0.204203,   43.014114,       1.171150,   12.992564,   -1.000000,    0.696701,    0.293916, 15.000000,   NS, 8.63, 0.47
2002,230.777778,231.800000,233.559722,(S),F$_r$,449.132072,  0.302164, -0.740491,  4.907744,184.375593,-16.077871,  0.086495,  0.103093,  0.199279,   53.279700,       1.415669,    3.748971,   -1.000000,    0.274657,    0.544687, 42.000000,  NSS, 3.47, 0.53
2002,238.469444,238.599306,239.449306,(S),F$_r$,397.834090,  0.523418,  2.632697, 27.500645,249.294797,-26.651441, -0.170172,  0.106530,  3.612246,  151.032086,      72.742007,   38.331575,    1.000000,    0.182377,    0.357602, 21.000000,  SNS, 11.61, 0.5
2002,273.329167,273.919444,274.839583,(S),F$^+$,380.705125,  1.790671,  1.276339, 22.243748,108.668450, -3.159884,  0.022867,  0.156921,  0.690781,  122.523141,      11.284884,   39.598970,    1.000000,    0.758228,    0.339339, 22.000000,   NS, 17.76, 0.46
2002,320.969444,321.850000,322.999306, NS,F$^-$,383.490092,  0.097381, -0.738884,  6.651717, 13.823471, 14.606522,  0.215661,  0.076732,  1.135880,  148.411310,      22.476994,    6.908739,   -1.000000,    0.260969,    0.275251, 28.000000,   SN, 5.81, 0.52
2002,355.139583,355.430556,356.650000, NS,F$_r$,429.656761,  0.048875,  0.238969,  2.824943,283.977479, 33.724152,  0.139394,  0.183096,  0.408200,  179.270554,       9.757093,    9.066544,    1.000000,    0.590712,    0.306120, 30.000000,   SN, 9.82, 0.61
2003, 26.904861, 27.069444, 27.669444, NS,F$_r$,519.321029,  2.203874,  1.812901, 13.025965,  3.275075, 52.157873, -0.008926,  0.090395,  0.192474,   34.843961,       0.894210,   10.296474,    1.000000,    0.741240,    0.367143, 14.000000,    N, 3.02, 0.51
2003, 32.545833, 33.799306, 34.399306, NS,F$_r$,482.630343,  1.829310, -0.676321,  7.887271, 15.073467, 31.014036,  0.031272,  0.144630,  0.085017,   48.302982,       0.547544,   11.092227,   -1.000000,    0.603375,    0.286262, 15.000000,  SNN, 7.82, 0.43
2003, 79.187500, 79.495833, 79.932639, NS,F$_r$,671.947826,  1.031831, -1.663818, 17.747745,201.668957,-76.543306, -0.077259,  0.140790,  0.763164,   88.243898,       8.979276,   20.235660,   -1.000000,    0.705733,    0.162220, 21.000000,    S, 2.08, 0.47
2003,167.939583,168.741667,169.345833, NS,F$_r$,480.710866,  2.770814, -0.963304, 13.557072,212.677858,-11.376541,  0.040824,  0.109974,  0.165831,   62.095741,       1.372983,   20.037073,   -1.000000,    0.550216,    0.274185, 14.000000,   NS, 7.01, 0.6
2003,216.849306,217.048611,218.099306, NS,F$_r$,442.613349,  4.489812,  0.912560,  9.280338, 11.822809, -4.777008, -0.025923,  0.035136,  0.047956,   29.164221,       0.186478,   10.052285,    1.000000,    0.442520,    0.397181, 25.000000,   NS, 10.01, 0.56
2003,324.357639,324.479861,325.069444,(S),F$_r$,588.154420,  3.180491,  1.209201, 36.441871,166.520841,-77.723568,  0.006805,  0.117966,  1.043872,  203.486480,      28.321841,  112.099254,    1.000000,    0.547937,    0.351920, 14.000000,    S, 21.46, 0.38
2004, 94.413194, 95.049306, 96.799306,(S),F$^+$,431.823277,  0.269106, -1.226423, 16.737281,341.352952, 68.447237,  0.065767,  0.278193,  2.602475,  214.686822,      74.495606,   23.312788,   -1.000000,    0.664166,    0.403740, 42.000000,    N, 7.29, 0.54
2004,206.230556,206.300000,207.609722,(S),F$_r$,547.974248,  0.279736,  0.760639, 17.487035, 82.070190,-31.322034,  0.056942,  0.236491,  2.732899,  362.577821,     132.118474,   45.775043,    1.000000,    0.534052,    0.288565, 32.000000,   NS, 4.44, 0.49
2004,207.739583,207.739583,208.149306, NS,F$_r$,577.918613,  3.061191,  1.348460, 10.208263,182.285411,-47.186568, -0.004461,  0.050060,  0.085105,   27.575572,       0.312908,    7.923877,    1.000000,    0.696068,    0.381731, 20.000000,    S, 2.97, 0.43
2004,242.381250,242.809722,243.889583,(S),F$_r$,393.635002,  0.899805,  1.242403, 13.418255, 58.107552,-16.223652, -0.013846,  0.147360,  0.500246,   83.193093,       5.548933,   14.792393,    1.000000,    0.758734,    0.226993, 26.000000,   NS, 9.34, 0.52
2004,261.869444,262.519444,263.706944, NS,F$_r$,402.494147,  0.580691,  1.674219,  7.918436, -8.565949, 37.037699,  0.052455,  0.130775,  0.269944,   34.838088,       1.253911,    4.010655,    1.000000,    0.176818,    0.484287, 29.000000,    N, 4.72, 0.45
2004,312.748611,312.948611,314.389583,(S),F$_r$,639.679610,  0.099830, -0.321376,  7.042927,135.882276,-10.684690,  0.132931,  0.214267,  1.242178,  367.167986,      60.811734,   32.083201,   -1.000000,    0.290080,    0.429493, 34.000000,   SN, 3.91, 0.19
2004,314.767361,314.859722,315.699306,(S),F$^+$,729.182280,  0.456159, -0.611699, 17.331524,231.941000,-57.709436, -0.047256,  0.184795,  1.646254,  348.368584,      76.467082,   62.689800,   -1.000000,    0.368481,    0.532309, 20.000000,  NSS, 8.35, 0.35
2004,316.699306,317.357639,318.399306,(S),F$_r$,550.084614,  0.117613, -1.456266,  8.943967,328.418702,-79.814555,  0.171063,  0.266253,  1.700372,  106.833242,      24.220841,    5.690645,   -1.000000,    0.462265,    0.357766, 25.000000,    S, 4.73
2004,345.199306,345.199306,345.899306, NS,F$^-$,417.245825,  1.924133,  1.654085, 10.327265,163.563254, -0.662226, -0.057288,  0.023827,  0.138572,   28.852456,       0.533086,    6.880175,    1.000000,    0.042220,    0.511463, 17.000000,   NS, 6.98, 0.46
2005,  7.363889,  7.599306,  8.300000, NS,F$^+$,536.319350,  1.185680, -0.583966,  8.569810, 25.649496,-35.041328,  0.016886,  0.097561,  0.154851,   78.698274,       1.624871,   16.520115,   -1.000000,    0.327663,    0.694583, 17.000000,  SNS, 17.03, 0.55
2005,  8.633333,  8.868750,  9.739583, NS,F$_r$,461.590512,  0.565813, -2.576209, 15.335138, 20.923282, 64.309303, -0.094398,  0.134470,  1.039065,   61.815044,       8.563982,   12.013191,   -1.000000,    0.524263,    0.368321, 21.000000,    N, 3.85, 0.52
2005, 16.393750, 16.649306, 17.292361,(S),F$^+$,529.313084,  0.585195, -3.236832, 15.583463,273.467349,-27.890840, -0.104650,  0.136794,  1.037451,   49.557079,       6.855073,   11.567177,   -1.000000,    0.506992,    0.573550, 15.000000,  NSS, 7.58, 0.45
2005, 18.899306, 19.019444, 20.100000, NS,F$^-$,829.565587,  1.050085,  2.818249, 16.063405,158.474156, -9.744372, -0.030768,  0.114538,  0.614314,   44.467714,       3.642288,   12.781844,    1.000000,    0.134841,    0.414730, 26.000000,  NSS, 1.81, 0.38
2005, 21.706944, 21.989583, 22.800000,(S),F$^-$,269.328989,  0.627193, -0.898883, 13.604343,250.194714, -2.116980,  0.111116,  0.079785,  0.737724,  140.602412,      13.830097,   22.027840,   -1.000000,    0.218779,    0.320468, 19.000000,   NS, 0.38, -1
2005, 47.439583, 47.509722, 47.979861, NS,F$^-$,390.650095,  5.830697,  1.379206, 12.001343,313.253193, -5.101238, -0.005962,  0.044426,  0.061756,   24.902078,       0.205047,   10.733745,    1.000000,    0.392031,    0.519072, 23.000000,   SN, 8.07, 0.49
2005, 51.647222, 51.849306, 53.299306,(S),F$_r$,409.765940,  8.149801,  1.577759,  7.906817, -6.238110,  0.543419,  0.018809,  0.021266,  0.019178,    9.846197,       0.025177,    4.174554,    1.000000,    0.362738,    0.331208, 35.000000,   SN, 4.33, 0.46
2005,135.090278,135.229861,136.949306,(S),F$^+$,745.841706,  0.050424,  1.889489, 38.247465,265.105867, -6.250064,  0.639759,  0.397936, 72.527838, 1112.037294,   10753.821367,   86.562088,    1.000000,    0.033530,    0.433046, 41.000000,   SN, 2.5, 0.23
2005,140.199306,140.399306,142.099306, NS,F$^+$,427.540212,  0.169199, -0.872872,  7.108182,237.698154,-11.691409, -0.025381,  0.199361,  0.746552,  105.285531,      10.480144,    6.249988,   -1.000000,    0.468494,    0.475720, 40.000000,   NS, 5.95, 0.35
2005,163.289583,163.629861,164.750000,(S),F$^-$,480.325409,  0.696768, -1.640390, 18.874618,146.742261,-27.530105,  0.095142,  0.135547,  1.278228,  119.455543,      20.358859,   23.118310,   -1.000000,    0.520354,    0.315206, 27.000000,  SNS, 5.86, 0.37
2005,165.746528,166.213889,167.349306,(S),F$^+$,483.962475,  0.266288, -1.112651,  7.962719, 68.722178, 30.566255, -0.024041,  0.212212,  0.595267,   78.061632,       6.195666,    5.842865,   -1.000000,    0.368603,    0.460004, 27.000000,  SNN, 7.07, 0.48
2005,198.619444,198.619444,199.250000, NS,F$_r$,426.424119,  2.982698,  1.238260, 12.124695, 40.377862,-29.429705, -0.001577,  0.057939,  0.123217,   39.379449,       0.646965,   12.117700,    1.000000,    0.749372,    0.321038, 15.000000,  NSS, 15.23, 0.43
2005,222.199306,222.259722,222.559722, NS,F$^-$,446.929376, 24.314673, 24.982645,160.944695, 10.922956,-11.766809,  0.067639,  0.012807,  2.663330,   33.061492,      11.740486, 1081.893739,    1.000000,    0.384437,    0.341119, 15.000000,    S, 5.82, 0.47
2005,304.099306,304.099306,304.779861, NS,F$_r$,373.800011,  8.844270,  1.168015, 11.618717,155.832020, -5.724285, -0.004818,  0.030728,  0.038159,   22.742480,       0.115710,   11.809199,    1.000000,    0.744914,    0.305228, 17.000000,   NS, 13.35, 0.49
2006, 36.759722, 36.849306, 37.499306, NS,F$^+$,341.443169,  2.202821,  1.842376, 11.800875, 94.303556,-36.658642, -0.005080,  0.072596,  0.158048,   29.572186,       0.623177,    8.366726,    1.000000,    0.683256,    0.302869, 16.000000,  NSS, 12.16, 0.53
2006,103.559722,103.629861,104.459722, NS,F$^+$,521.201562,  0.903517, -1.162417, 17.169932,282.982331, 12.443558, -0.000521,  0.131805,  0.815720,  128.440808,      13.969559,   25.919814,   -1.000000,    0.775564,    0.325574, 20.000000,   NS, 6.41, 0.49
2006,104.549306,104.549306,104.969444, NS,F$^-$,514.883480,  2.783512,  5.486386, 44.356911,205.965067, -4.612190, -0.102569,  0.027665,  1.767134,   64.378241,      15.168666,   86.066006,    1.000000,    0.522668,    0.300624, 18.000000,   SN, 3.56, -1
2006,165.339583,165.339583,165.684722, NS,F$^-$,385.668837,  2.468367,-18.596856,131.728456, 71.511337,  2.666496, -0.191091,  0.036411, 17.574761,  103.217906,     241.870663,  726.152001,   -1.000000,    0.199150,    0.319001, 17.000000,  SNN, 7.5, -1
2006,273.119444,273.349306,273.919444, NS,F$^+$,394.210579,  2.529027, -1.255497, 13.902502,269.478205, 19.059736, -0.010338,  0.090823,  0.191061,   51.787751,       1.319284,   15.716945,   -1.000000,    0.555300,    0.593948, 14.000000,   NS, 14.7, 0.46
2006,305.889583,305.889583,306.599306, NS,F$^-$,374.175970, 19.973050, 14.952613, 45.311611, 10.787512, -0.616984,  0.037727,  0.014343,  0.256989,    9.104477,       0.311967,   86.121527,    1.000000,    0.299050,    0.355227, 17.000000,   NS, 4.75, -1
2006,322.299306,322.299306,324.199306, NS,F$_r$,399.600501,  0.709035,  2.438244, 18.871714,342.789461,  1.563769,  0.121322,  0.064960,  1.255726,   79.650032,      13.335814,   18.583341,    1.000000,    0.485921,    0.322910, 46.000000,   SN, 1.62, 0.48
2006,333.123611,333.219444,334.399306, NS,F$^+$,254.929364,  1.576180,  1.144731, 12.219674, 57.963249, 18.100175, -0.003495,  0.080884,  0.236839,   59.287518,       1.872213,   13.343532,    1.000000,    0.771682,    0.361361, 29.000000,   NS, 5.1, 0.46
2006,348.577083,348.941667,349.569444,(S),F$^-$,752.537802,  0.191672, -4.187097, 51.230834,163.335324,-21.008220,  0.431121,  0.096327, 34.232969,  399.011194,    1821.245053,  118.714844,   -1.000000,   -0.131196,    0.333935, 15.000000,    S, 3.42, 0.38
2006,350.731944,351.017361,351.799306,(S),F$^-$,585.712360,  0.012654, -3.908414, 15.498053,145.580205, 83.519602,  0.922192,  0.179503, 47.451576,  276.804673,    1751.309070,   10.990631,   -1.000000,    0.441807,    0.203743, 19.000000,    N, 2.56, -1
2007, 14.479861, 14.488889, 15.322917, NS,F$_r$,363.819712,  1.310937, -1.548054, 14.678080,285.624327,  6.319492,  0.039144,  0.085112,  0.410863,   63.285876,       3.466906,   14.595752,   -1.000000,    0.701740,    0.293778, 20.000000,   NS, 6.33, 0.56
2007, 15.867361, 15.867361, 16.197917, NS,F$^-$,534.378954,  0.562699,  2.390735, 14.941797, 81.831893,-20.991302,  0.128494,  0.050440,  0.991903,   64.241375,       8.496166,   11.743698,    1.000000,   -0.098923,    0.438107, 16.000000,  NSS, 4.1, -1
2007,141.944444,141.947917,142.559028, NS,F$_r$,454.581482,  2.966211,  1.060268, 11.102420, 24.977246, 40.611651,  0.000286,  0.058381,  0.103890,   40.410077,       0.559760,   11.989035,    1.000000,    0.769351,    0.282780, 14.000000,  NSN, 6.7, 0.55
2007,159.239583,159.239583,160.218750, NS,F$_r$,362.395039,  1.182792, -1.434476,  8.301300,317.837029, -3.957056, -0.028573,  0.068797,  0.145654,   30.581002,       0.593901,    4.964395,   -1.000000,   -0.215790,    0.506707, 23.000000,   NS, 7.31, 0.51
2007,323.723611,324.022917,324.479861,(S),F$_r$,465.263357,  4.345505, -1.860407, 20.820345,278.924818, -7.896094,  0.005795,  0.100131,  0.249388,   48.863414,       1.624793,   25.889751,   -1.000000,    0.606851,    0.400485, 22.000000,   NS, 12.83, 0.52
2007,359.679861,359.679861,360.399306, NS,F$^-$,350.129697,  0.753058, 19.935751, 12.945824,261.908168,  1.354522,  0.084613,  0.071830,  0.556379,    5.370661,       0.398416,    7.009455,    1.000000,    0.312663,    0.403206, 18.000000,   SN, 5.68, 0.59
2008,144.050000,144.050000,144.449306, NS,F$^+$,499.619516,  1.035789,  1.455682,  7.476238, 64.756991, 42.092108, -0.046760,  0.054505,  0.134907,   27.523428,       0.495081,    3.977515,    1.000000,    0.771221,    0.255455, 20.000000,  NSN, 3.24, 0.51
2008,247.689583,247.689583,248.159722, NS,F$^+$,467.022379,  1.846744,  1.039956, 11.786640, 80.587197,  6.070228, -0.028544,  0.062394,  0.188067,   57.114568,       1.432184,   13.816963,    1.000000,    0.345510,    0.273876, 23.000000,   NS, 9.71, 0.47
2008,261.029861,261.164583,262.339583, NS,F$_r$,408.332388,  0.230587,  1.054242,  6.204949, 42.817474, 60.534755, -0.061725,  0.143649,  0.417428,   60.901709,       3.389607,    3.769315,    1.000000,    0.584726,    0.309619, 28.000000,    N, 3.45, 0.55
2008,339.499306,339.699306,340.449306, NS,F$_r$,390.060301,  1.089426,  4.912296,  8.550097,116.874104,-20.893473,  0.018681,  0.096737,  0.167758,    9.726425,       0.217559,    3.235351,    1.000000,    0.345183,    0.505075, 18.000000,  NSS, 4.48, 0.49
2008,352.149306,352.149306,352.649306, NS,F$_r$,336.637679,  4.117230, -1.906329, 10.886377,233.934861,-17.700584,  0.022734,  0.040135,  0.071962,   18.522719,       0.177724,    6.976270,   -1.000000,    0.588166,    0.289854, 12.000000,  NSS, 3.4, 0.45
2009,  2.117361,  2.200000,  2.719444, NS,F$^-$,410.514338,  1.243274,  6.205139, 27.194701, 85.812084, 16.315451,  0.112029,  0.071017,  1.487105,   40.885708,       8.106845,   32.015113,    1.000000,    0.354100,    0.387345, 12.000000,  NSN, 3.08, 0.52
2009, 34.806250, 35.050000, 35.819444,(S),F$^+$,356.668551,  0.783689,  0.586611,  6.336619,121.668570,-67.031150,  0.005771,  0.101868,  0.128089,   61.269545,       1.046393,    8.965846,    1.000000,    0.458438,    0.520205, 19.000000,  NSS, 15.33, 0.45
2009, 70.919444, 71.050000, 72.069444,(S),F$^+$,361.146914,  0.686000,  1.139300, 10.783430, 86.257885, 41.280677, -0.018083,  0.119468,  0.423769,   74.854061,       4.229448,   10.444194,    1.000000,    0.196433,    0.350087, 25.000000,  NSN, 10.16, 0.61
2009, 95.669444, 95.709722, 96.200000, NS,F$^-$,403.620545,  4.873097,  2.197393,  5.776794,155.405808,-17.946452,  0.007590,  0.030942,  0.017120,    5.709527,       0.013033,    1.822428,    1.000000,    0.496427,    0.395560, 24.000000,  NSS, 3.32, -1
2009,112.469444,112.589583,112.859722, NS,F$_r$,387.932889,  3.344372,  1.020003,  3.873509, 82.386693,  5.743340,  0.007258,  0.043223,  0.011216,    8.152267,       0.012191,    1.526506,    1.000000,    0.514936,    0.368373, 13.000000,   NS, 3.35, 0.51
2009,154.569444,154.869444,156.229861, NS,F$_r$,315.644040,  0.173541, -0.509301,  2.780695,206.253619,-16.266231,  0.086790,  0.076788,  0.111390,   43.594769,       0.647468,    2.185281,   -1.000000,    0.328589,    0.283603, 33.000000,   NS, 7.37, 0.44
2009,178.459722,178.749306,179.850000,(S),F$^+$,388.440046,  0.300923,  0.661003,  5.370977, 69.534827, 40.667342, -0.000721,  0.149962,  0.239658,   68.474552,       2.188063,    5.328455,    1.000000,    0.462035,    0.482005, 26.000000,  NSN, 7.1, 0.53
2009,202.120139,202.200000,203.150000, NS,F$_r$,316.580587,  0.395473,  0.246215,  2.872034,135.297817,-29.013424, -0.029165,  0.073556,  0.052144,   62.703334,       0.435945,    8.847802,    1.000000,    0.419728,    0.230386, 23.000000,   NS, 11.45, 0.51
2009,253.429861,253.429861,253.809722, NS,F$_r$,305.414027,  4.834594,  1.469728,  7.053055,141.167804, 13.294853, -0.024884,  0.021791,  0.025724,   11.561896,       0.039655,    3.512064,    1.000000,    0.402130,    0.322350, 18.000000,   NS, 6.18, 0.44
2009,273.030556,273.290972,273.799306, NS,F$_r$,346.494657,  4.656234, -1.621251,  9.959883,306.310472, 22.271203, -0.007024,  0.064170,  0.053262,   17.922305,       0.127276,    6.492087,   -1.000000,    0.918422,    0.193653, 12.000000,  NSN, 9.31, 0.51
2009,302.059722,302.059722,302.989583, NS,F$^+$,364.090752,  0.772317, -1.459126, 10.265885,265.572001, 16.428249, -0.014629,  0.097236,  0.341143,   51.166281,       2.327338,    7.484946,   -1.000000,    0.582546,    0.330749, 23.000000,   NS, 8.1, 0.57
2009,305.419444,305.419444,306.347917, NS,F$^-$,347.743318,  0.634509, -2.636024, 14.508298,211.444129, 11.347970,  0.117761,  0.050971,  0.829345,   52.497251,       5.805110,   10.663724,   -1.000000,    0.220555,    0.273775, 22.000000,  NSN, 8.3, 0.57
2009,318.449306,318.449306,319.489583, NS,F$_r$,334.781517,  2.871372,  2.481624, 12.865244,337.450862, -7.420116,  0.040866,  0.040282,  0.144107,   21.889023,       0.420583,    8.576186,    1.000000,    0.141142,    0.535213, 25.000000,   SN, 7.93, 0.5
2009,346.199306,346.809722,348.199306, NS,F$_r$,270.960104,  0.469062,  1.980759,  9.900453, 59.889379, -6.891397,  0.079200,  0.135341,  0.522420,   45.805337,       3.190619,    5.645570,    1.000000,    0.526764,    0.287557, 34.000000,   NS, 14.62, 0.45
2010,  1.919444,  2.009722,  3.379861, NS,F$_r$,286.250068,  0.440713,  0.835057,  6.365452, 62.744876, 22.813745,  0.016950,  0.109144,  0.229849,   57.787003,       1.770972,    5.319963,    1.000000,    0.661824,    0.287965, 33.000000,   NS, 8.68, 0.49
2010, 38.752778, 38.799306, 40.237500, NS,F$_r$,361.688095,  1.438945,  8.767504, 39.079996,198.251358, 16.734800, -0.124284,  0.064314,  2.653412,   46.335488,      16.392955,   64.877015,    1.000000,    0.602176,    0.423503, 35.000000,    N, 6.48, 0.45
2010, 82.936806, 82.939583, 83.650000,(S),F$_r$,292.588141,  0.506526,  1.214013,  5.355849, 49.205075, -9.988559,  0.075034,  0.046010,  0.141578,   28.615315,       0.540173,    2.411651,    1.000000,    0.520807,    0.274313, 17.000000,   NS, 8.21, 0.56
2010, 95.329861, 95.499306, 96.700000,(S),F$_r$,634.318849,  1.037938,  0.706008,  6.428378, 12.157776,  5.038965, -0.045070,  0.056929,  0.099534,   45.199842,       0.599856,    6.903433,    1.000000,    0.665153,    0.239700, 29.000000,   NS, 3.64, 0.46
2010,101.513889,101.900000,102.591667,(S),F$_r$,411.158779,  8.688998,  2.305913, 22.299951,199.038902,  8.005247, -0.033729,  0.044896,  0.143080,   30.903537,       0.589556,   26.565562,    1.000000,    0.771124,    0.230529, 16.000000,   SN, 10.5, 0.5
2010,138.099306,138.169444,139.309722, NS,F$_r$,354.977241,  0.430564,  0.740898,  6.772869,291.858563, 28.438355,  0.013244,  0.116925,  0.266347,   72.320546,       2.568315,    7.134180,    1.000000,    0.633901,    0.280835, 27.000000,   SN, 9.28, 0.56
2010,148.079861,148.800000,149.749306,(S),F$_r$,354.016434,  1.139634, -1.237457, 14.042168,254.357748,-68.474863, -0.008151,  0.169376,  0.432556,   79.454507,       4.582474,   16.263945,   -1.000000,    0.687131,    0.276134, 23.000000,    S, 6.67, 0.49
2010,172.149306,172.269444,173.529861, NS,F$_r$,361.668197,  0.217785,  1.973467,  5.482260, 79.071594, 33.764623,  0.035708,  0.142003,  0.345010,   27.801977,       1.278928,    1.734623,    1.000000,    0.299686,    0.542461, 31.000000,  NSN, 5.67, 0.47
2010,258.100000,258.100000,259.499306, NS,F$_r$,370.817058,  0.160501,  1.572148,  4.922252,281.803756, 19.990092, -0.030448,  0.146652,  0.377390,   34.585490,       1.740296,    1.622186,    1.000000,   -0.051525,    0.719022, 34.000000,  SNN, 7.24, 0.5
2010,268.489583,268.549306,269.339583, NS,F$^-$,473.677239,  0.423869, -2.695630,  3.601076,314.722579,-16.652970,  0.017292,  0.085644,  0.076484,    7.766986,       0.079207,    0.651861,   -1.000000,    0.489357,    0.373626, 19.000000,  NSS, 1.92, 0.57
2010,284.239583,284.239583,284.769444, NS,F$^-$,353.959105,  3.085478,  5.617909, 31.690356, 80.920755,-73.645830,  0.071319,  0.053966,  0.813714,   36.060755,       3.912418,   43.833716,    1.000000,    0.139089,    0.515861, 12.000000,    S, 18.46, 0.45
2010,304.089583,304.219444,305.859722, NS,F$_r$,341.727616,  0.338217,  1.505596,  9.295055,342.443848, 59.084123,  0.000088,  0.151880,  0.638628,   64.558222,       5.497158,    5.982058,    1.000000,    0.571456,    0.364210, 40.000000,    N, 7.71, 0.52
2010,353.857639,353.939583,354.919444,(S),F$^+$,385.001406,  0.394050, -3.529877,  7.709173, 80.475213,-48.168796, -0.060280,  0.117016,  0.377055,   19.268886,       0.968723,    2.774416,   -1.000000,    0.271231,    0.736405, 23.000000,    S, 8.05, 0.46
2011, 24.279861, 24.439583, 25.919444, NS,F$^+$,343.057629,  1.884029,  1.568374,  7.047401,172.843413,-19.428430, -0.014420,  0.057146,  0.065904,   17.335245,       0.152328,    3.331350,    1.000000,    0.532682,    0.362586, 35.000000,  NSS, 7.81, 0.42
2011, 49.826389, 49.829861, 51.899306,  S,F$^-$,461.394100,  0.015194, -1.885351, 12.248407,303.510074,-10.018797, -0.719981,  0.231300, 24.684538,  367.934216,    1210.971499,    8.888858,   -1.000000,   -0.070051,    0.507154, 50.000000,   NS, 1.66, 0.36
2011, 88.633333, 88.999306, 91.619444,(S),F$_r$,344.432660,  0.242260,  1.349186, 12.553266,134.799775,  1.359148, -0.059761,  0.210243,  1.626189,  133.598671,      28.967559,   11.976676,    1.000000,    0.403730,    0.383176, 63.000000,   NS, 3.44, 0.45
2011,113.000694,113.000694,114.549306, NS,F$^-$,397.729448,  0.254435, -7.777688, 45.418205, 41.688015, -0.602042, -0.336463,  0.118032, 20.268552,  155.627344,     420.578787,   88.081831,   -1.000000,    0.438710,    0.355463, 37.000000,   SN, 4.11, -1
2011,148.009722,148.229861,148.950000, NS,F$^+$,520.801101,  0.665939,  1.406027,  9.544158,267.568287,  7.636384,  0.012516,  0.290766,  0.341964,   51.259632,       2.337195,    6.675292,    1.000000,    0.419887,    0.701906, 17.000000,   SN, 6.69, 0.46
2011,155.837500,156.050000,156.759722,(S),F$_r$,513.679127,  0.690357,  0.554078,  7.989775,119.068409, 34.122309,  0.005738,  0.124911,  0.231172,   97.852951,       3.016115,   15.655777,    1.000000,    0.690475,    0.333234, 17.000000,   NS, 15.77, 0.32
2011,181.559722,181.779861,182.219444, NS,F$^-$,329.304887,  2.682366, -2.662644, 21.234924,218.387498,-33.498747,  0.067924,  0.047357,  0.420265,   44.759378,       2.508108,   22.763583,   -1.000000,    0.548247,    0.251164, 22.000000,  NSS, 11.47, 0.58
2011,184.800000,184.800000,185.800000, NS,F$_r$,391.572055,  0.202142, -0.726461,  6.425043,235.789409, -9.883603,  0.119944,  0.093901,  0.510547,   99.461223,       6.770617,    6.608911,   -1.000000,    0.202700,    0.277605, 24.000000,   NS, 3.67, 0.49
2011,260.122917,260.649306,261.879861,(S),F$_r$,443.086302,  0.172488, -1.141010,  7.565735,161.592807, 24.128055,  0.159631,  0.112145,  0.829630,   87.596803,       9.689720,    5.132929,   -1.000000,    0.020961,    0.512181, 29.000000,  SNN, 2.86, 0.32
2011,305.339583,305.339583,305.919444,(S),F$^-$,411.188425,  2.982873,  3.644890, 21.281076, 42.674267,  5.206794,  0.056016,  0.046774,  0.379571,   31.107753,       1.574345,   21.000758,    1.000000,    0.233359,    0.450755, 14.000000,   NS, 7.38, 0.43
2011,306.014583,306.149306,307.189583, NS,F$_r$,370.969178,  0.383749, -1.766290,  5.878713,107.518680, -7.346814,  0.020949,  0.119811,  0.225143,   25.984705,       0.780035,    2.132311,   -1.000000,    0.402581,    0.512835, 25.000000,   SN, 3.26, 0.42
2011,311.289583,311.679861,312.029861, NS,F$_r$,348.922582,  6.650207, -9.104444, 79.026803,212.399671, -2.093399,  0.090120,  0.039936,  2.347760,   59.685748,      18.683706,  264.927086,   -1.000000,    0.517552,    0.251395, 16.000000,   NS, 7.18, 0.48
2012, 21.168056, 21.169444, 22.289583,(S),F$_r$,327.033249,  0.749694,  0.704272,  8.972622,304.126545, 20.758208,  0.030333,  0.089930,  0.268469,   87.917750,       3.147095,   13.499164,    1.000000,    0.725280,    0.186737, 27.000000,   SN, 14.19, 0.63
2012, 22.231250, 22.475000, 22.749306,(S),F$^-$,411.529634, 32.656804,  2.285262, 46.335818, 27.926205,  0.779200, -0.028477,  0.028767,  0.164361,   48.176196,       1.055775,  115.153262,    1.000000,    0.328433,    0.218566, 13.000000,   NS, 26.4, 0.44
2012, 45.299306, 45.869444, 47.200000, NS,F$_r$,377.695181,  0.315578,  1.249594,  8.826191,274.065482,-29.852015, -0.010826,  0.206359,  0.617134,   74.510552,       6.131069,    6.363995,    1.000000,    0.555177,    0.317707, 32.000000,  SNS, 5.69, 0.5
2012, 75.524306, 75.669444, 76.590278,(S),F$_r$,697.276552,  0.084945,  0.457037,  4.108802,290.313083,-51.141651, -0.069314,  0.208926,  0.496861,  124.719330,       8.262423,    5.754780,    1.000000,    0.618159,    0.399825, 22.000000,  SNS, 4.05, 0.45
2012, 96.599306, 96.820139, 97.900000, NS,F$_r$,341.270120,  0.765597,  1.146736, 10.428883,148.811154, 60.059155,  0.032627,  0.115602,  0.355153,   66.953495,       3.170498,    9.700997,    1.000000,    0.656770,    0.324304, 26.000000,    N, 10.12, 0.57
2012,114.093750,114.700000,115.119444,(S),F$^-$,373.049635,  7.611272,  1.942357, 25.169410,204.683471,-24.671427, -0.041995,  0.062168,  0.208079,   47.003699,       1.304066,   36.890455,    1.000000,    0.333506,    0.290521, 20.000000,  SNS, 12.36, 0.47
2012,124.040972,125.150000,126.474306,(S),F$_r$,309.966347,  0.264824, -1.872694, 12.193055,216.963086,  2.663456, -0.167478,  0.130877,  1.403484,   88.125819,      16.491086,    8.844154,   -1.000000,    0.430760,    0.278002, 31.000000,   NS, 4.55, 0.42
2012,137.519444,137.669444,139.090972, NS,F$_r$,373.995294,  0.367551,  1.385709,  8.956245,229.070191, 29.435773, -0.049423,  0.139015,  0.545600,   63.641132,       4.629677,    5.953147,    1.000000,    0.390129,    0.469167, 34.000000,  SNN, 5.92, 0.57
2012,163.119444,163.479861,164.219444, NS,F$_r$,408.896020,  1.047156, -1.175541,  9.242676,300.950529,-76.266351,  0.013108,  0.128569,  0.203950,   46.594363,       1.267058,    7.423132,   -1.000000,    0.399215,    0.396359, 17.000000,    S, 3.13, 0.56
2012,168.377083,168.917361,169.474306,(S),F$^+$,451.061022,  6.631493,  1.348761, 36.905099,105.550047, -3.620653, -0.004432,  0.137339,  0.513454,  128.756469,       8.814734,  103.542656,    1.000000,    0.664244,    0.297679, 13.000000,   NS, 23.43, 0.39
2012,196.735417,197.259722,199.140278,(S),F$_r$,492.012979,  7.050724,  2.221964, 28.450680,  0.442948, -7.372865,  0.041701,  0.043746,  0.287006,   51.305637,       1.963339,   43.973585,    1.000000,    0.084174,    0.402972, 45.000000,    S, 1.9, 0.35
2012,225.525694,225.800000,226.209722, NS,F$_r$,382.037644, 71.163898, -3.718939, 32.778486,347.699100,  3.361650, -0.015280,  0.016604,  0.037745,   11.932035,       0.060050,   49.623223,   -1.000000,    0.604454,    0.259775, 20.000000,   NS, 5.82, 0.48
2012,231.142361,231.800000,232.349306, NS,F$_r$,386.142957,139.462503,  2.061963, 20.305824,  2.697735,  5.156435,  0.008439,  0.013606,  0.007391,    7.495512,       0.007387,   23.241482,    1.000000,    0.509266,    0.292458, 13.000000,   NS, 8.57, 0.48
2012,243.649306,243.649306,244.229861, NS,F$^-$,404.601861,  0.445103,  2.164446,  4.849482,275.033426,-12.541070, -0.061255,  0.067404,  0.132090,   14.751843,       0.259810,    1.293640,    1.000000,    0.632552,    0.337559, 14.000000,  SNS, 2.64, 0.52
2012,245.300000,245.300000,247.474306, NS,F$_r$,317.170361,  0.163520,  1.230244,  8.880104,145.428699,-21.086957, -0.151576,  0.127143,  1.205609,  106.103845,      17.055960,    6.542048,    1.000000,    0.366038,    0.311018, 52.000000,  NSS, 7.49, 0.55
2012,248.918056,249.244444,249.739583,(S),F$_r$,506.238412,  0.944658, -1.236775, 13.926150, 45.179856, 51.153694, -0.080631,  0.107436,  0.513248,   86.238027,       5.901537,   16.005038,   -1.000000,    0.134950,    0.292931, 24.000000,  SNN, 5.43, 0.41
2012,250.000000,250.099306,250.659722, NS,F$^-$,425.846447,  3.474678, -5.970160, 51.582055,202.878374, 12.926096,  0.098216,  0.035616,  1.914356,   66.402553,      16.949085,  115.528428,   -1.000000,    0.477898,    0.270381, 14.000000,  NSN, 2.47, 0.46
2012,256.829861,256.829861,257.639583,(S),F$^-$,364.884153,  0.511085,-35.790564,315.280619, 30.668232, -1.225537,  0.659347,  0.043928,486.230000,  436.426419,   28293.815721, 4146.594616,   -1.000000,    0.103678,    0.422320, 19.000000,  SNS, 7.59, 0.37
2012,282.175000,282.659722,283.720139,(S),F$_r$,397.543723,  0.735483,  1.099746, 14.693818,272.034048,-79.140212, -0.031998,  0.176903,  0.733900,  119.125162,      11.656787,   20.153628,    1.000000,    0.466893,    0.409599, 25.000000,    S, 5.11, 0.48
2012,286.339583,286.770139,287.384722, NS,F$_r$,481.028428,  1.020004, -1.209960, 12.742347,281.251612,-65.215190, -0.048473,  0.144305,  0.397958,   74.247563,       3.939654,   13.696958,   -1.000000,    0.328679,    0.237801, 15.000000,    S, 2.68, 0.56
2012,305.602778,305.982639,307.222917,(S),F$^+$,340.787120,  0.607462,  1.121317, 10.786850,355.236404,-77.769407, -0.005811,  0.155427,  0.478862,   80.860039,       5.162770,   10.631959,    1.000000,    0.499173,    0.364764, 29.000000,    S, 10.77, 0.41
2012,317.925000,318.349306,319.339583,(S),F$^+$,381.835935,  1.309730,  1.177911, 20.733622, 90.319462,-17.135959,  0.009577,  0.155558,  0.820557,  139.697795,      15.283993,   37.276266,    1.000000,    0.533301,    0.274614, 24.000000,   NS, 6.74, 0.48
2012,328.868750,329.479861,330.449306,(S),F$^-$,380.757788,  2.186377,  3.761067, 34.010377,205.682431, 12.102303, -0.093514,  0.081948,  1.322629,   71.141604,      12.545856,   53.306779,    1.000000,    0.201599,    0.319608, 23.000000,  SNN, 9.82, 0.45
2013, 16.979861, 17.619444, 18.509722, NS,F$_r$,387.201638,  0.919155,  0.837848, 11.502913,280.713117,  5.459681,  0.022635,  0.167655,  0.359887,   96.879583,       4.648766,   17.293758,    1.000000,    0.707550,    0.308306, 21.000000,   SN, 4.52, 0.46
2013, 18.949306, 19.009722, 19.699306, NS,F$_r$,427.375419,  2.178021, -2.935118, 11.685230,184.192889,-28.855855, -0.046895,  0.044944,  0.156730,   18.394138,       0.384389,    6.679970,   -1.000000,    0.820200,    0.230506, 17.000000,    S, 3.97, 0.5
2013, 19.701389, 19.949306, 20.449306,(S),F$^-$,428.175426, 21.591013, 16.985218, 81.144573,  5.306611,-12.481595,  0.049831,  0.021609,  0.762405,   18.474030,       1.877960,  275.778197,    1.000000,    0.407483,    0.378325, 12.000000,    S, 4.31, -1
2013, 76.222917, 76.589583, 78.669444,(S),F$_r$,528.924229,  0.032154,  1.488369, 10.114183,248.720416, 65.236331, -0.357787,  0.368366,  7.953667,  240.407782,     254.949795,    7.148522,    1.000000,    0.256773,    0.491443, 50.000000,    N, 2.55, 0.46
2013,103.925694,104.709722,107.229861,(S),F$^+$,389.840425,  0.035155, -0.462812,  3.967332,265.113854, 22.746698,  0.039087,  0.369826,  1.119295,  181.646573,      27.108804,    5.248525,   -1.000000,    0.550851,    0.513404, 61.000000,   NS, 3.58, 0.31
2013,120.369444,120.500000,121.300000,(S),F$_r$,392.774166,  1.907949, -1.236429, 11.395590,310.611704,  8.262400, -0.003724,  0.080514,  0.170156,   44.929630,       1.019339,   10.719845,   -1.000000,    0.568827,    0.281179, 19.000000,   NS, 6.78, 0.5
2013,134.099306,134.250000,135.270139, NS,F$_r$,356.374668,  2.981786, -1.376462,  8.757453,153.468811, -7.326640, -0.004605,  0.055401,  0.064301,   21.749253,       0.186467,    5.725464,   -1.000000,    0.841791,    0.290720, 24.000000,   SN, 9.47, 0.49
2013,157.089583,157.599306,159.000000, NS,F$^+$,428.264364,  0.234878, -0.990389,  9.577813,105.504867,-45.879831, -0.032846,  0.231515,  0.976407,  123.183633,      16.036977,    9.667499,   -1.000000,    0.374762,    0.426012, 34.000000,  SNS, 6.49, 0.44
2013,178.577083,179.099306,180.499306,(S),F$_r$,391.699415,  0.374666, -0.953435, 11.129142,312.945795,-55.538812, -0.022961,  0.200083,  0.826454,  126.899307,      13.983522,   13.676464,   -1.000000,    0.893093,    0.208513, 34.000000,  NSS, 8.18, 0.51
2013,244.259722,244.579861,245.080556, NS,F$_r$,486.465214,  0.326917, -1.350867,  5.436401, 50.947349,-35.391177, -0.093420,  0.098677,  0.226009,   32.735278,       0.986463,    2.243662,   -1.000000,    0.322840,    0.255970, 12.000000,  SNS, 1.4, 0.43
2013,276.000000,276.000000,276.619444, NS,F$_r$,487.262920,  2.085262, -2.410939, 10.826975, 23.034989, 37.481589,  0.023352,  0.059385,  0.140538,   20.411463,       0.382478,    6.144746,   -1.000000,    0.710027,    0.414508, 15.000000,    N, 1.04, 0.34
2013,303.759722,303.759722,304.229861,(S),F$_r$,341.756128,  0.931818,  0.700121,  6.185450,246.279631,-33.337184, -0.053761,  0.043586,  0.102648,   45.404459,       0.621425,    6.472548,    1.000000,    0.189683,    0.376331, 23.000000,  SNS, 7.31, 0.47
2013,312.879861,312.999306,313.259722, NS,F$_r$,409.592849, 21.923209, -1.237238, 14.508753,337.452693,-49.370989,  0.001280,  0.035801,  0.024005,   19.029178,       0.060905,   17.365761,   -1.000000,    0.786657,    0.238440, 12.000000,    S, 18.37, 0.53
2013,327.009722,327.199306,327.649306, NS,F$_r$,356.902170,  2.389285,  1.042325,  6.693413,295.748367,-47.476118,  0.017478,  0.062844,  0.046878,   21.439492,       0.134005,    4.444065,    1.000000,    0.396742,    0.578896, 21.000000,  SNS, 6, 0.5
2013,342.313194,342.699306,343.089583,(S),F$^-$,553.135250,  0.356375, -0.910908,  4.888685, 69.756710,-32.982093, -0.082391,  0.118360,  0.167655,   39.649694,       0.886329,    2.795978,   -1.000000,    0.592778,    0.203730, 18.000000,  SNS, 1.84, 0.46
2013,348.699306,349.699306,350.229861, NS,F$_r$,459.957142,  1.202822,  1.548395, 10.749085, 50.617085,-11.153951,  0.060286,  0.158674,  0.240150,   41.395661,       1.325486,    7.826315,    1.000000,    0.503475,    0.417007, 13.000000,   NS, 1.95, 0.42
2013,358.858333,359.199306,359.749306, NS,F$^+$,299.315244,  3.868147, -1.335081, 11.795606, 79.000211,-60.338410,  0.017772,  0.076461,  0.089924,   30.775227,       0.368992,   10.676059,   -1.000000,    0.481638,    0.323991, 13.000000,    S, 9.76, 0.5
2014, 46.531944, 47.029861, 47.600000,(S),F$_r$,389.170297,  3.163080, -2.022607, 14.776647,250.913803, 58.570814, -0.015976,  0.117956,  0.172577,   31.497591,       0.724766,   12.433756,   -1.000000,    0.768955,    0.642050, 13.000000,    N, 15.06, 0.49
2014, 49.249306, 49.629861, 50.399306, NS,F$_r$,420.538565,  1.009380, -0.933554, 10.656404,322.794784,-61.987865, -0.019266,  0.129171,  0.281259,   73.982579,       2.774437,   12.875344,   -1.000000,    0.487919,    0.360350, 19.000000,    S, 5.37, 0.67
2014, 95.415278, 95.929167, 97.600000, NS,F$_r$,370.099308,  0.335801, -5.167920, 48.212536,319.390382,-25.665699,  0.292583,  0.169840, 17.305266,  222.978713,     514.494112,  102.291646,   -1.000000,    0.208822,    0.410887, 40.000000,    S, 7.46, 0.37
2014,101.289583,101.289583,102.869444, NS,F$^+$,350.806456,  0.257869,  0.785417,  8.524338,245.021571,-62.532735,  0.006538,  0.156560,  0.704470,  124.471909,      11.691569,   10.389761,    1.000000,    0.682757,    0.225913, 38.000000,  SNS, 7.84, 0.55
2014,110.430556,111.320139,112.259028,(S),F$_r$,551.677140,  0.126137, -0.568241,  3.418829, 74.735073, 65.312760,  0.008870,  0.288751,  0.231661,   62.480246,       1.929899,    2.749418,   -1.000000,    0.595942,    0.651033, 22.000000,  SNN, 4.74, 0.44
2014,119.799306,119.799306,120.689583, NS,F$_r$,302.785315,  1.689489, -2.162368, 15.098643,337.828058,-47.648807, -0.052587,  0.060676,  0.337334,   41.637021,       1.872746,   12.545879,   -1.000000,    0.628376,    0.261270, 22.000000,    S, 12.07, 0.53
2014,173.769444,173.769444,174.919444, NS,F$^-$,357.661082,  0.014210,  0.552360,  1.270930,246.541760,-42.020359, -0.225860,  0.113181,  0.284184,   43.405851,       1.644700,    0.398189,    1.000000,    0.222796,    0.403553, 28.000000,  SNS, 2.9, 0.47
2014,180.699306,180.870139,181.469444, NS,F$_r$,347.291050,  2.100703, -1.394177,  8.959415, 60.512287, 26.885519, -0.025444,  0.069209,  0.095529,   26.472757,       0.337188,    5.925721,   -1.000000,    0.697813,    0.468346, 14.000000,  SNN, 11.29, 0.48
2014,183.991667,184.129861,184.500000,(S),F$^-$,333.540674,  0.909637,  3.623114, 20.137045,168.049250,-26.116845, -0.124076,  0.023367,  1.114457,   52.162411,       7.751035,   18.826526,    1.000000,    0.057890,    0.318481, 18.000000,    S, 8.98, 0.5
2014,231.242361,231.749306,233.798611,(S),F$^+$,349.064299,  0.261418,  0.993026, 12.626808, 54.734674, 44.965758, -0.022059,  0.243801,  1.524728,  176.275778,      35.836357,   16.748411,    1.000000,    0.533365,    0.566047, 49.000000,  NSN, 6.61, 0.37
2014,238.111111,239.129861,239.909028, NS,F$_r$,308.086882,  2.088641, -1.238360, 13.691403, 81.014290,-62.552057, -0.015209,  0.159114,  0.224374,   56.464204,       1.689212,   15.450406,   -1.000000,    0.430303,    0.322907, 19.000000,    S, 14.04, 0.48
2014,255.636806,255.890278,257.485417,(S),F$^-$,594.520407,  2.871333, -9.890353,112.915555,350.308066,  9.423943, -0.154335,  0.073836, 11.101049,  142.809529,     211.378083,  539.393157,   -1.000000,    0.037418,    0.449084, 39.000000,    N, 3.34, 0.29
2015,  7.234722,  7.269444,  7.879861,(S),F$^+$,452.049540,  4.326380, -1.757559, 20.138866, 47.647957,  4.634471, -0.011209,  0.062239,  0.234361,   49.312887,       1.540936,   25.104893,   -1.000000,    0.730596,    0.384118, 15.000000,   SN, 16.05, 0.46
2015, 87.150000, 87.489583, 88.600000, NS,F$_r$,391.719803,  2.377597, -5.358631, 48.194668,208.694787, 11.797052,  0.103491,  0.083849,  2.442304,   80.771018,      26.302315,  101.835827,   -1.000000,    0.859755,    0.219222, 26.000000,  NSN, 13.16, 0.48
2015, 90.313889, 90.747917, 91.409722,(S),F$^-$,403.361412,  2.014696,  1.450964, 17.592785,159.226053,  9.702352, -0.073367,  0.049412,  0.384061,   71.469478,       3.659814,   22.084406,    1.000000,    0.064027,    0.218555, 16.000000,   NS, 9.84, 0.44
2015,126.038889,126.700000,127.599306,(S),F$^-$,420.721356,  2.114725, -1.426628, 15.954758,156.129809, 35.457876,  0.028248,  0.126151,  0.300931,   61.274185,       2.458571,   18.423405,   -1.000000,    0.584466,    0.279871, 21.000000,  SNN, 9.88, 0.46
2015,128.119444,128.299306,129.440278, NS,F$^-$,382.813730,  0.020826, -0.392682,  2.609939, 55.273540,-10.246776,  0.279459,  0.120623,  0.817704,  148.416573,      16.181438,    3.044777,   -1.000000,    0.565351,    0.185462, 28.000000,   SN, 7.01, 0.51
2015,130.349306,130.499306,131.199306, NS,F$^+$,358.171160,  3.022313,  2.056931, 12.919617,139.719193,-33.039005, -0.015126,  0.067406,  0.138070,   25.903902,       0.476874,    9.420553,    1.000000,    0.773322,    0.362580, 17.000000,  NSS, 8.07, 0.48
2015,250.545139,250.979861,252.619444,(S),F$^+$,466.333373,  0.357167,  1.385537, 16.797984, 45.928904, 34.714441, -0.053200,  0.228563,  1.975072,  165.848619,      43.675060,   20.943843,    1.000000,    0.678961,    0.435341, 39.000000,  NSN, 13.22, 0.42
2015,279.899306,279.899306,280.419444, NS,F$_r$,425.371686,  6.476395,  3.262061, 19.360743,139.521261,-29.588362,  0.018473,  0.047790,  0.144694,   20.469367,       0.394906,   17.819873,    1.000000,   -0.051456,    0.482596, 12.000000,  NSS, 16.62, 0.6
2015,297.749306,298.549306,301.549306,(S),F$_r$,393.754175,  0.019205, -1.909184, 10.931212,199.538163,-59.319054, -0.562218,  0.379045, 15.554451,  272.473126,     565.089306,    7.027709,   -1.000000,    0.423238,    0.265730, 71.000000,    S, 3.6, 0.4
2015,310.740278,311.299306,312.699306,(S),F$_r$,526.591743,  0.545925,  1.860175, 18.541773,226.177121, 14.649055,  0.007452,  0.220579,  1.574380,  115.874158,      24.323988,   20.534650,    1.000000,    0.813385,    0.320088, 21.000000,  SNN, 2.18, 0.53
2015,353.649306,354.569444,355.959722,(S),F$_r$,398.114977,  0.850591,  1.927771, 23.958378,218.386703,-31.642878, -0.083426,  0.197299,  1.687073,  131.568039,      29.595326,   33.570314,    1.000000,    0.776422,    0.264428, 33.000000,  SNS, 9.33, 0.47
